{
  "$schema": "http://schema.management.azure.com/schemas/2015-01-01/deploymentTemplate.json#",
  "contentVersion": "1.0.0.0",
  "parameters": {
    "adminName": {
      "type": "string",
      "metadata": {
        "type": "username",
        "description": "Admin user name."
      }
    },
    "adminPassword": {
      "type": "securestring",
      "metadata": {
        "type": "password",
        "description": "Admin password."
      }
    }
  },
  "variables": {
    "vmName": "enterprise",
    "location": "[resourceGroup().location]",
    "vmSize": "Standard_D11_V2",
    "domainNameLabel": "[concat('enterprise',uniquestring(resourceGroup().id))]",
    "storageAccountName": "[concat('opentext',uniquestring(resourceGroup().id))]",
    "storageAccountId": "[resourceId('Microsoft.Storage/storageAccounts',variables('storageAccountName'))]",
    "pubIpName": "[concat(variables('vmName'),'-ip')]",
    "pubIpId": "[resourceId('Microsoft.Network/publicIPAddresses',variables('pubIpName'))]",
    "vnetName": "[concat(variables('vmName'),'-vnet')]",
    "vnetId": "[resourceId('Microsoft.Network/virtualNetworks',variables('vnetName'))]",
    "ipconfName": "[concat(variables('vmName'),'-ipconf')]",
    "subnetName": "[concat(variables('vmName'),'-subnet')]",
    "intName": "[concat(variables('vmName'),'-intf')]",
    "intId": "[resourceId('Microsoft.Network/networkInterfaces',variables('intName'))]",
    "vmStorageAccountContainerName": "vhds",
    "OSDiskName": "osdisk1",
    "planopentext": {
      "publisher": "opentext",
      "product": "cs-16-2",
      "name": "ot-test-cs162-june2017"
    }
  },
  "resources": [
    {
      "type": "Microsoft.Storage/storageAccounts",
      "name": "[variables('storageAccountName')]",
      "apiVersion": "2015-06-15",
      "location": "[variables('location')]",
      "properties": {
        "accountType": "Standard_LRS"
      }
    },
    {
      "type": "Microsoft.Network/publicIPAddresses",
      "name": "[variables('pubIpName')]",
      "apiVersion": "2015-06-15",
      "location": "[variables('location')]",
      "properties": {
        "publicIPAllocationMethod": "Dynamic",
        "dnsSettings": {
          "domainNameLabel": "[variables('domainNameLabel')]"
        }
      }
    },
    {
      "type": "Microsoft.Network/virtualNetworks",
      "name": "[variables('vnetName')]",
      "apiVersion": "2015-06-15",
      "location": "[variables('location')]",
      "properties": {
        "addressSpace": {
          "addressPrefixes": [
            "10.0.0.0/16"
          ]
        },
        "subnets": [
          {
            "name": "[variables('subnetName')]",
            "properties": {
              "addressPrefix": "10.0.0.0/24"
            }
          }
        ]
      }
    },
    {
      "type": "Microsoft.Network/networkInterfaces",
      "name": "[variables('intName')]",
      "apiVersion": "2015-06-15",
      "location": "[variables('location')]",
      "dependsOn": [
        "[variables('pubIpId')]",
        "[variables('vnetId')]"
      ],
      "properties": {
        "ipConfigurations": [
          {
            "name": "[variables('ipconfName')]",
            "properties": {
              "subnet": {
                "id": "[concat(variables('vnetId'),'/subnets/',variables('subnetName'))]"
              },
              "privateIPAllocationMethod": "Dynamic",
              "publicIPAddress": {
                "id": "[variables('pubIpId')]"
              }
            }
          }
        ]
      }
    },
    {
      "type": "Microsoft.Compute/virtualMachines",
      "name": "[variables('vmName')]",
      "apiVersion": "2015-06-15",
      "location": "[variables('location')]",
      "plan": "[variables('planopentext')]",
      "dependsOn": [
        "[variables('storageAccountId')]",
        "[variables('intId')]"
      ],
      "properties": {
        "hardwareProfile": {
          "vmSize": "[variables('vmSize')]"
        },
        "storageProfile": {
          "imageReference": {
            "publisher": "opentext",
            "offer": "cs-16-2",
            "sku": "ot-test-cs162-june2017",
            "version": "latest"
          },
          "osDisk": {
            "caching": "ReadWrite",
            "createOption": "FromImage",
            "name": "sys0",
            "vhd": {
              "uri": "[concat('http://',variables('StorageAccountName'),'.blob.core.windows.net/',variables('vmStorageAccountContainerName'),'/',variables('OSDiskName'),'.vhd')]"
            }
          }
        },
        "osProfile": {
          "computerName": "[variables('vmName')]",
          "adminUsername": "[parameters('adminName')]",
          "adminPassword": "[parameters('adminPassword')]"
        },
        "networkProfile": {
          "networkInterfaces": [
            {
              "id": "[variables('intId')]"
            }
          ]
        }
      }
    }
  ],
  "outputs": {
    "Host Name": {
      "type": "string",
      "value": "[reference(variables('pubIpId')).dnsSettings.fqdn]"
    },
    "User Name": {
      "type": "string",
      "value": "[parameters('adminName')]"
    },
    "Password": {
      "type": "string",
      "value": "[parameters('adminPassword')]"
    }
  }
}
